Workbook
Name Slicer_Location: #N/A
Name Slicer_Product_type: #N/A
Name Slicer_Supplier_name: #N/A
Name Slicer_Transportation_modes: #N/A

Sheet supply_chain_data
A1: Product type | B1: SKU | C1: Price | D1: Availability | E1: Number of products sold | F1: Revenue generated | G1: Customer demographics | H1: Stock levels | I1: Lead times | J1: Order quantities | K1: Shipping times | L1: Shipping carriers | M1: Shipping costs | N1: Supplier name | O1: Location | P1: Lead time | Q1: Production volumes | R1: Manufacturing lead time | S1: Manufacturing costs | T1: Inspection results | U1: Defect rates | V1: Transportation modes | W1: Routes | X1: Costs
A2: haircare | B2: SKU0 | C2: 69.808006 | D2: 55 | E2: 802 | F2: 8661.9968 | G2: Non-binary | H2: 58 | I2: 7 | J2: 96 | K2: 4 | L2: Carrier B | M2: 2.9565721 | N2: Supplier 3 | O2: Mumbai | P2: 29 | Q2: 215 | R2: 29 | S2: 46.279879 | T2: Pending | U2: 0.22641036 | V2: Road | W2: Route B | X2: 187.75208
A3: skincare | B3: SKU1 | C3: 14.843523 | D3: 95 | E3: 736 | F3: 7460.9001 | G3: Female | H3: 53 | I3: 30 | J3: 37 | K3: 2 | L3: Carrier A | M3: 9.7165748 | N3: Supplier 3 | O3: Mumbai | P3: 23 | Q3: 517 | R3: 30 | S3: 33.616769 | T3: Pending | U3: 4.854068 | V3: Road | W3: Route B | X3: 503.06558
A4: haircare | B4: SKU2 | C4: 11.319683 | D4: 34 | E4: 8 | F4: 9577.7496 | G4: Unknown | H4: 1 | I4: 10 | J4: 88 | K4: 2 | L4: Carrier B | M4: 8.0544793 | N4: Supplier 1 | O4: Mumbai | P4: 12 | Q4: 971 | R4: 27 | S4: 30.688019 | T4: Pending | U4: 4.5805926 | V4: Air | W4: Route C | X4: 141.92028
A5: skincare | B5: SKU3 | C5: 61.163343 | D5: 68 | E5: 83 | F5: 7766.8364 | G5: Non-binary | H5: 23 | I5: 13 | J5: 59 | K5: 6 | L5: Carrier C | M5: 1.7295686 | N5: Supplier 5 | O5: Kolkata | P5: 24 | Q5: 937 | R5: 18 | S5: 35.624741 | T5: Fail | U5: 4.7466486 | V5: Rail | W5: Route A | X5: 254.77616
A6: skincare | B6: SKU4 | C6: 4.805496 | D6: 26 | E6: 871 | F6: 2686.5052 | G6: Non-binary | H6: 5 | I6: 3 | J6: 56 | K6: 8 | L6: Carrier A | M6: 3.8905479 | N6: Supplier 1 | O6: Delhi | P6: 5 | Q6: 414 | R6: 3 | S6: 92.065161 | T6: Fail | U6: 3.1455795 | V6: Air | W6: Route A | X6: 923.44063
A7: haircare | B7: SKU5 | C7: 1.699976 | D7: 87 | E7: 147 | F7: 2828.3487 | G7: Non-binary | H7: 90 | I7: 27 | J7: 66 | K7: 3 | L7: Carrier B | M7: 4.4440989 | N7: Supplier 4 | O7: Bangalore | P7: 10 | Q7: 104 | R7: 17 | S7: 56.766476 | T7: Fail | U7: 2.7791935 | V7: Road | W7: Route A | X7: 235.46124
A8: skincare | B8: SKU6 | C8: 4.0783329 | D8: 48 | E8: 65 | F8: 7823.4766 | G8: Male | H8: 11 | I8: 15 | J8: 58 | K8: 8 | L8: Carrier C | M8: 3.8807633 | N8: Supplier 3 | O8: Kolkata | P8: 14 | Q8: 314 | R8: 24 | S8: 1.0850686 | T8: Pending | U8: 1.0009106 | V8: Sea | W8: Route A | X8: 134.3691
A9: cosmetics | B9: SKU7 | C9: 42.958384 | D9: 59 | E9: 426 | F9: 8496.1038 | G9: Female | H9: 93 | I9: 17 | J9: 11 | K9: 1 | L9: Carrier B | M9: 2.3483388 | N9: Supplier 4 | O9: Bangalore | P9: 22 | Q9: 564 | R9: 1 | S9: 99.466109 | T9: Fail | U9: 0.39817719 | V9: Road | W9: Route C | X9: 802.05631
A10: cosmetics | B10: SKU8 | C10: 68.717597 | D10: 78 | E10: 150 | F10: 7517.3632 | G10: Female | H10: 5 | I10: 10 | J10: 15 | K10: 7 | L10: Carrier C | M10: 3.4047339 | N10: Supplier 4 | O10: Mumbai | P10: 13 | Q10: 769 | R10: 8 | S10: 11.423027 | T10: Pending | U10: 2.7098627 | V10: Sea | W10: Route B | X10: 505.55713
A11: skincare | B11: SKU9 | C11: 64.015733 | D11: 35 | E11: 980 | F11: 4971.146 | G11: Unknown | H11: 14 | I11: 27 | J11: 83 | K11: 1 | L11: Carrier A | M11: 7.1666453 | N11: Supplier 2 | O11: Chennai | P11: 29 | Q11: 963 | R11: 23 | S11: 47.957602 | T11: Pending | U11: 3.8446145 | V11: Rail | W11: Route B | X11: 995.92946
A12: skincare | B12: SKU10 | C12: 15.707796 | D12: 11 | E12: 996 | F12: 2330.9658 | G12: Non-binary | H12: 51 | I12: 13 | J12: 80 | K12: 2 | L12: Carrier C | M12: 8.6732112 | N12: Supplier 5 | O12: Kolkata | P12: 18 | Q12: 830 | R12: 5 | S12: 96.527353 | T12: Pass | U12: 1.7273139 | V12: Road | W12: Route B | X12: 806.10318
A13: skincare | B13: SKU11 | C13: 90.63546 | D13: 95 | E13: 960 | F13: 6099.9441 | G13: Female | H13: 46 | I13: 23 | J13: 60 | K13: 1 | L13: Carrier A | M13: 4.5239431 | N13: Supplier 2 | O13: Kolkata | P13: 28 | Q13: 362 | R13: 11 | S13: 27.592363 | T13: Pending | U13: 0.021169821 | V13: Air | W13: Route A | X13: 126.72303
... A101: haircare | B101: SKU99 | C101: 68.517833 | D101: 17 | E101: 627 | F101: 9185.1858 | G101: Unknown | H101: 55 | I101: 8 | J101: 59 | K101: 6 | L101: Carrier B | M101: 1.3110238 | N101: Supplier 2 | O101: Chennai | P101: 29 | Q101: 921 | R101: 2 | S101: 38.072899 | T101: Fail | U101: 0.34602729 | V101: Rail | W101: Route B | X101: 210.74301

Sheet PO tracker
A1: SKU | B1: Availability | C1: Stock levels | D1: Order quantities | E1: Shipping times | F1: Supplier name | G1: Lead time | H1: Inspection results | I1: Transportation modes | J1: Routes | K1: PO Status | L1: Inventory Risk | M1: Delivery Status | N1: Quality Status
A2: SKU0 | B2: 55 | C2: 58 | D2: 96 | E2: 4 | F2: Supplier 3 | G2: 29 | H2: Pending | I2: Road | J2: Route B | K2: =IF(H2<10,"Delayed","On Track") -> On Track | L2: =IF(E2<20,"High",IF(E2<50,"Medium","Low")) -> High | M2: =IF(G2>6,"Delayed",IF(G2>3,"Moderate","Fast")) -> Delayed | N2: =IF(I2="Fail","Attention Needed","Approved") -> Approved
A3: SKU1 | B3: 95 | C3: 53 | D3: 37 | E3: 2 | F3: Supplier 3 | G3: 23 | H3: Pending | I3: Road | J3: Route B | K3: =IF(H3<10,"Delayed","On Track") -> On Track | L3: =IF(E3<20,"High",IF(E3<50,"Medium","Low")) -> High | M3: =IF(G3>6,"Delayed",IF(G3>3,"Moderate","Fast")) -> Delayed | N3: =IF(I3="Fail","Attention Needed","Approved") -> Approved
A4: SKU2 | B4: 34 | C4: 1 | D4: 88 | E4: 2 | F4: Supplier 1 | G4: 12 | H4: Pending | I4: Air | J4: Route C | K4: =IF(H4<10,"Delayed","On Track") -> On Track | L4: =IF(E4<20,"High",IF(E4<50,"Medium","Low")) -> High | M4: =IF(G4>6,"Delayed",IF(G4>3,"Moderate","Fast")) -> Delayed | N4: =IF(I4="Fail","Attention Needed","Approved") -> Approved
A5: SKU3 | B5: 68 | C5: 23 | D5: 59 | E5: 6 | F5: Supplier 5 | G5: 24 | H5: Fail | I5: Rail | J5: Route A | K5: =IF(H5<10,"Delayed","On Track") -> On Track | L5: =IF(E5<20,"High",IF(E5<50,"Medium","Low")) -> High | M5: =IF(G5>6,"Delayed",IF(G5>3,"Moderate","Fast")) -> Delayed | N5: =IF(I5="Fail","Attention Needed","Approved") -> Approved
A6: SKU4 | B6: 26 | C6: 5 | D6: 56 | E6: 8 | F6: Supplier 1 | G6: 5 | H6: Fail | I6: Air | J6: Route A | K6: =IF(H6<10,"Delayed","On Track") -> On Track | L6: =IF(E6<20,"High",IF(E6<50,"Medium","Low")) -> High | M6: =IF(G6>6,"Delayed",IF(G6>3,"Moderate","Fast")) -> Moderate | N6: =IF(I6="Fail","Attention Needed","Approved") -> Approved
A7: SKU5 | B7: 87 | C7: 90 | D7: 66 | E7: 3 | F7: Supplier 4 | G7: 10 | H7: Fail | I7: Road | J7: Route A | K7: =IF(H7<10,"Delayed","On Track") -> On Track | L7: =IF(E7<20,"High",IF(E7<50,"Medium","Low")) -> High | M7: =IF(G7>6,"Delayed",IF(G7>3,"Moderate","Fast")) -> Delayed | N7: =IF(I7="Fail","Attention Needed","Approved") -> Approved
A8: SKU6 | B8: 48 | C8: 11 | D8: 58 | E8: 8 | F8: Supplier 3 | G8: 14 | H8: Pending | I8: Sea | J8: Route A | K8: =IF(H8<10,"Delayed","On Track") -> On Track | L8: =IF(E8<20,"High",IF(E8<50,"Medium","Low")) -> High | M8: =IF(G8>6,"Delayed",IF(G8>3,"Moderate","Fast")) -> Delayed | N8: =IF(I8="Fail","Attention Needed","Approved") -> Approved
A9: SKU7 | B9: 59 | C9: 93 | D9: 11 | E9: 1 | F9: Supplier 4 | G9: 22 | H9: Fail | I9: Road | J9: Route C | K9: =IF(H9<10,"Delayed","On Track") -> On Track | L9: =IF(E9<20,"High",IF(E9<50,"Medium","Low")) -> High | M9: =IF(G9>6,"Delayed",IF(G9>3,"Moderate","Fast")) -> Delayed | N9: =IF(I9="Fail","Attention Needed","Approved") -> Approved
A10: SKU8 | B10: 78 | C10: 5 | D10: 15 | E10: 7 | F10: Supplier 4 | G10: 13 | H10: Pending | I10: Sea | J10: Route B | K10: =IF(H10<10,"Delayed","On Track") -> On Track | L10: =IF(E10<20,"High",IF(E10<50,"Medium","Low")) -> High | M10: =IF(G10>6,"Delayed",IF(G10>3,"Moderate","Fast")) -> Delayed | N10: =IF(I10="Fail","Attention Needed","Approved") -> Approved
A11: SKU9 | B11: 35 | C11: 14 | D11: 83 | E11: 1 | F11: Supplier 2 | G11: 29 | H11: Pending | I11: Rail | J11: Route B | K11: =IF(H11<10,"Delayed","On Track") -> On Track | L11: =IF(E11<20,"High",IF(E11<50,"Medium","Low")) -> High | M11: =IF(G11>6,"Delayed",IF(G11>3,"Moderate","Fast")) -> Delayed | N11: =IF(I11="Fail","Attention Needed","Approved") -> Approved
A12: SKU10 | B12: 11 | C12: 51 | D12: 80 | E12: 2 | F12: Supplier 5 | G12: 18 | H12: Pass | I12: Road | J12: Route B | K12: =IF(H12<10,"Delayed","On Track") -> On Track | L12: =IF(E12<20,"High",IF(E12<50,"Medium","Low")) -> High | M12: =IF(G12>6,"Delayed",IF(G12>3,"Moderate","Fast")) -> Delayed | N12: =IF(I12="Fail","Attention Needed","Approved") -> Approved
A13: SKU11 | B13: 95 | C13: 46 | D13: 60 | E13: 1 | F13: Supplier 2 | G13: 28 | H13: Pending | I13: Air | J13: Route A | K13: =IF(H13<10,"Delayed","On Track") -> On Track | L13: =IF(E13<20,"High",IF(E13<50,"Medium","Low")) -> High | M13: =IF(G13>6,"Delayed",IF(G13>3,"Moderate","Fast")) -> Delayed | N13: =IF(I13="Fail","Attention Needed","Approved") -> Approved
... A101: SKU99 | B101: 17 | C101: 55 | D101: 59 | E101: 6 | F101: Supplier 2 | G101: 29 | H101: Fail | I101: Rail | J101: Route B | K101: =IF(H101<10,"Delayed","On Track") -> On Track | L101: =IF(E101<20,"High",IF(E101<50,"Medium","Low")) -> High | M101: =IF(G101>6,"Delayed",IF(G101>3,"Moderate","Fast")) -> Delayed | N101: =IF(I101="Fail","Attention Needed","Approved") -> Approved

Sheet Pivot
A1: Order Quantity by Product Type | D1: Average Shipping Cost by Supplier | H1: Transportation Mode Distribution
A2: Row Labels | B2: Sum of Order quantities | D2: Row Labels | E2: Average of Shipping costs | H2: Row Labels | I2: Count of SKU
A3: cosmetics | B3: 1343 | D3: Supplier 1 | E3: 5.5123018 | H3: Air | I3: 0.26
A4: haircare | B4: 1480 | D4: Supplier 2 | E4: 5.7391781 | H4: Rail | I4: 0.28
A5: skincare | B5: 2099 | D5: Supplier 3 | E5: 4.7887706 | H5: Road | I5: 0.29
A6: Grand Total | B6: 4922 | D6: Supplier 4 | E6: 5.759573 | H6: Sea | I6: 0.17
D7: Supplier 5 | E7: 5.7898315 | H7: Grand Total | I7: 1
A8: Lead Time Analysis by Location | D8: Grand Total | E8: 5.5481491
A9: Row Labels | B9: Average of Lead times
A10: Bangalore | B10: 15.333333
A11: Chennai | B11: 17.15 | D11: Defect Rate by Supplier | H11: Average Operational Cost by Route
A12: Delhi | B12: 17.666667 | D12: Row Labels | E12: Average of Defect rates | H12: Row Labels | I12: Average of Costs
A13: Kolkata | B13: 15.92 | D13: Supplier 1 | E13: 1.8036297 | H13: Route A | I13: 485.48313
A14: Mumbai | B14: 14.272727 | D14: Supplier 2 | E14: 2.3627501 | H14: Route B | I14: 595.65903
A15: Grand Total | B15: 15.96 | D15: Supplier 3 | E15: 2.465786 | H15: Route C | I15: 500.47098
D16: Supplier 4 | E16: 2.3373974 | H16: Grand Total | I16: 529.24578
D17: Supplier 5 | E17: 2.6654083
D18: Grand Total | E18: 2.277158

Sheet Supply_Chain_Dashboard
H1: Supply Chain Operations Dashboard
B4: Total Orders | G4: Total Revenue | L4: Average Lead Time | Q4: Average Defect Rate | V4: Total Shipping Cost
B5: =SUM(supply_chain_data!J:J) -> 4922 | G5: =SUM(supply_chain_data!F:F) -> 577604.82 | L5: =AVERAGE(supply_chain_data!P:P) -> 17.08 | Q5: =AVERAGE(supply_chain_data!U:U) -> 2.277158 | V5: =SUM(supply_chain_data!M:M) -> 554.81491
