Workbook
Name Slicer_Delivery_Status: #N/A
Name Slicer_Location: #N/A
Name Slicer_Product_type: #N/A
Name Slicer_Routes: #N/A
Name Slicer_Supplier_name: #N/A
Name Slicer_Transportation_modes: #N/A

Sheet supply_chain_data
A1: Product type | B1: SKU | C1: Price | D1: Availability | E1: Number of products sold | F1: Revenue generated | G1: Customer demographics | H1: Stock levels | I1: Lead times | J1: Order quantities | K1: Shipping times | L1: Shipping carriers | M1: Shipping costs | N1: Supplier name | O1: Location | P1: Lead time | Q1: Production volumes | R1: Manufacturing lead time | S1: Manufacturing costs | T1: Inspection results | U1: Defect rates | V1: Transportation modes | W1: Routes | X1: Costs | Y1: PO Status | Z1: Delivery Status | AA1: Inventory Risk | AB1: Quality Status | AC1: Order Priority
A2: haircare | B2: SKU0 | C2: 69.808006 | D2: 55 | E2: 802 | F2: 8661.9968 | G2: Non-binary | H2: 58 | I2: 7 | J2: 96 | K2: 4 | L2: Carrier B | M2: 2.9565721 | N2: Supplier 3 | O2: Mumbai | P2: 29 | Q2: 215 | R2: 29 | S2: 46.279879 | T2: Pending | U2: 0.22641036 | V2: Road | W2: Route B | X2: 187.75208 | Y2: =IF(J2>H2,"Urgent","On Track") -> Urgent | Z2: =IF(P2>20,"Delayed",IF(P2<10,"Fast","Moderate")) -> Delayed | AA2: =IF(H2<20,"High",IF(H2<50,"Medium","Low")) -> Low | AB2: =IF(T2="Pass","Approved","Review Required") -> Review Required | AC2: =IF(J2>700,"Critical",IF(J2>300,"High","Normal")) -> Normal
A3: skincare | B3: SKU1 | C3: 14.843523 | D3: 95 | E3: 736 | F3: 7460.9001 | G3: Female | H3: 53 | I3: 30 | J3: 37 | K3: 2 | L3: Carrier A | M3: 9.7165748 | N3: Supplier 3 | O3: Mumbai | P3: 23 | Q3: 517 | R3: 30 | S3: 33.616769 | T3: Pending | U3: 4.854068 | V3: Road | W3: Route B | X3: 503.06558 | Y3: =IF(J3>H3,"Urgent","On Track") -> On Track | Z3: =IF(P3>20,"Delayed",IF(P3<10,"Fast","Moderate")) -> Delayed | AA3: =IF(H3<20,"High",IF(H3<50,"Medium","Low")) -> Low | AB3: =IF(T3="Pass","Approved","Review Required") -> Review Required | AC3: =IF(J3>700,"Critical",IF(J3>300,"High","Normal")) -> Normal
A4: haircare | B4: SKU2 | C4: 11.319683 | D4: 34 | E4: 8 | F4: 9577.7496 | G4: Unknown | H4: 1 | I4: 10 | J4: 88 | K4: 2 | L4: Carrier B | M4: 8.0544793 | N4: Supplier 1 | O4: Mumbai | P4: 12 | Q4: 971 | R4: 27 | S4: 30.688019 | T4: Pending | U4: 4.5805926 | V4: Air | W4: Route C | X4: 141.92028 | Y4: =IF(J4>H4,"Urgent","On Track") -> Urgent | Z4: =IF(P4>20,"Delayed",IF(P4<10,"Fast","Moderate")) -> Moderate | AA4: =IF(H4<20,"High",IF(H4<50,"Medium","Low")) -> High | AB4: =IF(T4="Pass","Approved","Review Required") -> Review Required | AC4: =IF(J4>700,"Critical",IF(J4>300,"High","Normal")) -> Normal
A5: skincare | B5: SKU3 | C5: 61.163343 | D5: 68 | E5: 83 | F5: 7766.8364 | G5: Non-binary | H5: 23 | I5: 13 | J5: 59 | K5: 6 | L5: Carrier C | M5: 1.7295686 | N5: Supplier 5 | O5: Kolkata | P5: 24 | Q5: 937 | R5: 18 | S5: 35.624741 | T5: Fail | U5: 4.7466486 | V5: Rail | W5: Route A | X5: 254.77616 | Y5: =IF(J5>H5,"Urgent","On Track") -> Urgent | Z5: =IF(P5>20,"Delayed",IF(P5<10,"Fast","Moderate")) -> Delayed | AA5: =IF(H5<20,"High",IF(H5<50,"Medium","Low")) -> Medium | AB5: =IF(T5="Pass","Approved","Review Required") -> Review Required | AC5: =IF(J5>700,"Critical",IF(J5>300,"High","Normal")) -> Normal
A6: skincare | B6: SKU4 | C6: 4.805496 | D6: 26 | E6: 871 | F6: 2686.5052 | G6: Non-binary | H6: 5 | I6: 3 | J6: 56 | K6: 8 | L6: Carrier A | M6: 3.8905479 | N6: Supplier 1 | O6: Delhi | P6: 5 | Q6: 414 | R6: 3 | S6: 92.065161 | T6: Fail | U6: 3.1455795 | V6: Air | W6: Route A | X6: 923.44063 | Y6: =IF(J6>H6,"Urgent","On Track") -> Urgent | Z6: =IF(P6>20,"Delayed",IF(P6<10,"Fast","Moderate")) -> Fast | AA6: =IF(H6<20,"High",IF(H6<50,"Medium","Low")) -> High | AB6: =IF(T6="Pass","Approved","Review Required") -> Review Required | AC6: =IF(J6>700,"Critical",IF(J6>300,"High","Normal")) -> Normal
A7: haircare | B7: SKU5 | C7: 1.699976 | D7: 87 | E7: 147 | F7: 2828.3487 | G7: Non-binary | H7: 90 | I7: 27 | J7: 66 | K7: 3 | L7: Carrier B | M7: 4.4440989 | N7: Supplier 4 | O7: Bangalore | P7: 10 | Q7: 104 | R7: 17 | S7: 56.766476 | T7: Fail | U7: 2.7791935 | V7: Road | W7: Route A | X7: 235.46124 | Y7: =IF(J7>H7,"Urgent","On Track") -> On Track | Z7: =IF(P7>20,"Delayed",IF(P7<10,"Fast","Moderate")) -> Moderate | AA7: =IF(H7<20,"High",IF(H7<50,"Medium","Low")) -> Low | AB7: =IF(T7="Pass","Approved","Review Required") -> Review Required | AC7: =IF(J7>700,"Critical",IF(J7>300,"High","Normal")) -> Normal
A8: skincare | B8: SKU6 | C8: 4.0783329 | D8: 48 | E8: 65 | F8: 7823.4766 | G8: Male | H8: 11 | I8: 15 | J8: 58 | K8: 8 | L8: Carrier C | M8: 3.8807633 | N8: Supplier 3 | O8: Kolkata | P8: 14 | Q8: 314 | R8: 24 | S8: 1.0850686 | T8: Pending | U8: 1.0009106 | V8: Sea | W8: Route A | X8: 134.3691 | Y8: =IF(J8>H8,"Urgent","On Track") -> Urgent | Z8: =IF(P8>20,"Delayed",IF(P8<10,"Fast","Moderate")) -> Moderate | AA8: =IF(H8<20,"High",IF(H8<50,"Medium","Low")) -> High | AB8: =IF(T8="Pass","Approved","Review Required") -> Review Required | AC8: =IF(J8>700,"Critical",IF(J8>300,"High","Normal")) -> Normal
A9: cosmetics | B9: SKU7 | C9: 42.958384 | D9: 59 | E9: 426 | F9: 8496.1038 | G9: Female | H9: 93 | I9: 17 | J9: 11 | K9: 1 | L9: Carrier B | M9: 2.3483388 | N9: Supplier 4 | O9: Bangalore | P9: 22 | Q9: 564 | R9: 1 | S9: 99.466109 | T9: Fail | U9: 0.39817719 | V9: Road | W9: Route C | X9: 802.05631 | Y9: =IF(J9>H9,"Urgent","On Track") -> On Track | Z9: =IF(P9>20,"Delayed",IF(P9<10,"Fast","Moderate")) -> Delayed | AA9: =IF(H9<20,"High",IF(H9<50,"Medium","Low")) -> Low | AB9: =IF(T9="Pass","Approved","Review Required") -> Review Required | AC9: =IF(J9>700,"Critical",IF(J9>300,"High","Normal")) -> Normal
A10: cosmetics | B10: SKU8 | C10: 68.717597 | D10: 78 | E10: 150 | F10: 7517.3632 | G10: Female | H10: 5 | I10: 10 | J10: 15 | K10: 7 | L10: Carrier C | M10: 3.4047339 | N10: Supplier 4 | O10: Mumbai | P10: 13 | Q10: 769 | R10: 8 | S10: 11.423027 | T10: Pending | U10: 2.7098627 | V10: Sea | W10: Route B | X10: 505.55713 | Y10: =IF(J10>H10,"Urgent","On Track") -> Urgent | Z10: =IF(P10>20,"Delayed",IF(P10<10,"Fast","Moderate")) -> Moderate | AA10: =IF(H10<20,"High",IF(H10<50,"Medium","Low")) -> High | AB10: =IF(T10="Pass","Approved","Review Required") -> Review Required | AC10: =IF(J10>700,"Critical",IF(J10>300,"High","Normal")) -> Normal
A11: skincare | B11: SKU9 | C11: 64.015733 | D11: 35 | E11: 980 | F11: 4971.146 | G11: Unknown | H11: 14 | I11: 27 | J11: 83 | K11: 1 | L11: Carrier A | M11: 7.1666453 | N11: Supplier 2 | O11: Chennai | P11: 29 | Q11: 963 | R11: 23 | S11: 47.957602 | T11: Pending | U11: 3.8446145 | V11: Rail | W11: Route B | X11: 995.92946 | Y11: =IF(J11>H11,"Urgent","On Track") -> Urgent | Z11: =IF(P11>20,"Delayed",IF(P11<10,"Fast","Moderate")) -> Delayed | AA11: =IF(H11<20,"High",IF(H11<50,"Medium","Low")) -> High | AB11: =IF(T11="Pass","Approved","Review Required") -> Review Required | AC11: =IF(J11>700,"Critical",IF(J11>300,"High","Normal")) -> Normal
A12: skincare | B12: SKU10 | C12: 15.707796 | D12: 11 | E12: 996 | F12: 2330.9658 | G12: Non-binary | H12: 51 | I12: 13 | J12: 80 | K12: 2 | L12: Carrier C | M12: 8.6732112 | N12: Supplier 5 | O12: Kolkata | P12: 18 | Q12: 830 | R12: 5 | S12: 96.527353 | T12: Pass | U12: 1.7273139 | V12: Road | W12: Route B | X12: 806.10318 | Y12: =IF(J12>H12,"Urgent","On Track") -> Urgent | Z12: =IF(P12>20,"Delayed",IF(P12<10,"Fast","Moderate")) -> Moderate | AA12: =IF(H12<20,"High",IF(H12<50,"Medium","Low")) -> Low | AB12: =IF(T12="Pass","Approved","Review Required") -> Approved | AC12: =IF(J12>700,"Critical",IF(J12>300,"High","Normal")) -> Normal
A13: skincare | B13: SKU11 | C13: 90.63546 | D13: 95 | E13: 960 | F13: 6099.9441 | G13: Female | H13: 46 | I13: 23 | J13: 60 | K13: 1 | L13: Carrier A | M13: 4.5239431 | N13: Supplier 2 | O13: Kolkata | P13: 28 | Q13: 362 | R13: 11 | S13: 27.592363 | T13: Pending | U13: 0.021169821 | V13: Air | W13: Route A | X13: 126.72303 | Y13: =IF(J13>H13,"Urgent","On Track") -> Urgent | Z13: =IF(P13>20,"Delayed",IF(P13<10,"Fast","Moderate")) -> Delayed | AA13: =IF(H13<20,"High",IF(H13<50,"Medium","Low")) -> Medium | AB13: =IF(T13="Pass","Approved","Review Required") -> Review Required | AC13: =IF(J13>700,"Critical",IF(J13>300,"High","Normal")) -> Normal
... A101: haircare | B101: SKU99 | C101: 68.517833 | D101: 17 | E101: 627 | F101: 9185.1858 | G101: Unknown | H101: 55 | I101: 8 | J101: 59 | K101: 6 | L101: Carrier B | M101: 1.3110238 | N101: Supplier 2 | O101: Chennai | P101: 29 | Q101: 921 | R101: 2 | S101: 38.072899 | T101: Fail | U101: 0.34602729 | V101: Rail | W101: Route B | X101: 210.74301 | Y101: =IF(J101>H101,"Urgent","On Track") -> Urgent | Z101: =IF(P101>20,"Delayed",IF(P101<10,"Fast","Moderate")) -> Delayed | AA101: =IF(H101<20,"High",IF(H101<50,"Medium","Low")) -> Low | AB101: =IF(T101="Pass","Approved","Review Required") -> Review Required | AC101: =IF(J101>700,"Critical",IF(J101>300,"High","Normal")) -> Normal

Sheet Pivot
A1: Order Quantity by Product Type | D1: Average Shipping Cost by Supplier | H1: Transportation Mode Distribution
A2: Row Labels | B2: Sum of Order quantities | D2: Row Labels | E2: Average of Shipping costs | H2: Row Labels | I2: Count of SKU
A3: cosmetics | B3: 1343 | D3: Supplier 1 | E3: 5.5123018 | H3: Air | I3: 0.26
A4: haircare | B4: 1480 | D4: Supplier 2 | E4: 5.7391781 | H4: Rail | I4: 0.28
A5: skincare | B5: 2099 | D5: Supplier 3 | E5: 4.7887706 | H5: Road | I5: 0.29
A6: Grand Total | B6: 4922 | D6: Supplier 4 | E6: 5.759573 | H6: Sea | I6: 0.17
D7: Supplier 5 | E7: 5.7898315 | H7: Grand Total | I7: 1
A8: Lead Time Analysis by Location | D8: Grand Total | E8: 5.5481491
A9: Row Labels | B9: Average of Lead times
A10: Bangalore | B10: 15.333333
A11: Chennai | B11: 17.15 | D11: Defect Rate by Supplier | H11: Average Operational Cost by Route
A12: Delhi | B12: 17.666667 | D12: Row Labels | E12: Average of Defect rates | H12: Row Labels | I12: Average of Costs
A13: Kolkata | B13: 15.92 | D13: Supplier 1 | E13: 1.8036297 | H13: Route A | I13: 485.48313
A14: Mumbai | B14: 14.272727 | D14: Supplier 2 | E14: 2.3627501 | H14: Route B | I14: 595.65903
A15: Grand Total | B15: 15.96 | D15: Supplier 3 | E15: 2.465786 | H15: Route C | I15: 500.47098
D16: Supplier 4 | E16: 2.3373974 | H16: Grand Total | I16: 529.24578
D17: Supplier 5 | E17: 2.6654083
D18: Grand Total | E18: 2.277158
J19: Route-wise Delayed Shipment Analysis
J20: Delivery Status | K20: Delayed
A21: Delivery Performance Monitoring | E21: Purchase Order Status by Supplier
A22: Row Labels | B22: Count of SKU | E22: Count of SKU | F22: Column Labels | J22: Row Labels | K22: Count of SKU
A23: Delayed | B23: 0.43 | E23: Row Labels | F23: On Track | G23: Urgent | H23: Grand Total | J23: Route A | K23: 17
A24: Fast | B24: 0.23 | E24: Supplier 1 | F24: 9 | G24: 18 | H24: 27 | J24: Route B | K24: 18
A25: Moderate | B25: 0.34 | E25: Supplier 2 | F25: 11 | G25: 11 | H25: 22 | J25: Route C | K25: 8
A26: Grand Total | B26: 1 | E26: Supplier 3 | F26: 8 | G26: 7 | H26: 15 | J26: Grand Total | K26: 43
E27: Supplier 4 | F27: 11 | G27: 7 | H27: 18
E28: Supplier 5 | F28: 7 | G28: 11 | H28: 18
E29: Grand Total | F29: 46 | G29: 54 | H29: 100 | J29: Inventory Risk Distribution
J30: Row Labels | K30: Count of SKU
J31: High | K31: 0.27
J32: Low | K32: 0.47
J33: Medium | K33: 0.26
J34: Grand Total | K34: 1

Sheet Supply_Chain_Dashboard
H1: Supply Chain Operations Dashboard
B4: Total Orders | G4: Total Revenue | L4: Average Lead Time | Q4: Average Defect Rate | V4: Total Shipping Cost
B5: =SUM(supply_chain_data!J:J) -> 4922 | G5: =SUM(supply_chain_data!F:F) -> 577604.82 | L5: =AVERAGE(supply_chain_data!P:P) -> 17.08 | Q5: =AVERAGE(supply_chain_data!U:U) -> 2.277158 | V5: =SUM(supply_chain_data!M:M) -> 554.81491

Sheet PO_Supplier_Monitoring
H1: Purchase Order & Supplier Monitoring Dashboard
B4: Delayed Deliveries | G4: Fast Deliveries | L4: Pending Inspections | Q4: Failed Inspections | V4: Approved Orders
B5: =COUNTIF(supply_chain_data!Z:Z,"Delayed") -> 43 | G5: =COUNTIF(supply_chain_data!Z:Z,"Fast") -> 23 | L5: =COUNTIF(supply_chain_data!T:T,"Pending") -> 41 | Q5: =COUNTIF(supply_chain_data!T:T,"Fail") -> 36 | V5: =COUNTIF(supply_chain_data!AB:AB,"Approved") -> 23
